id,name,date,venue,location,attendance
1,UFC 1: The Beginning,1993-11-12,McNichols Sports Arena,"Denver, Colorado, U.S.",7800.0
2,UFC 2: No Way Out,1994-03-11,Mammoth Gardens,"Denver, Colorado, U.S.",2000.0
3,UFC 3: The American Dream,1994-09-09,Grady Cole Center,"Charlotte, North Carolina, U.S.",3000.0
4,UFC 4: Revenge of the Warriors,1994-12-16,Expo Square Pavilion,"Tulsa, Oklahoma, U.S.",5857.0
5,UFC 5: The Return of the Beast,1995-04-07,Bojangles Coliseum,"Charlotte, North Carolina, U.S.",6000.0
6,UFC 6: Clash of the Titans,1995-07-14,Casper Events Center,"Casper, Wyoming, U.S.",2700.0
7,UFC 7: The Brawl in Buffalo,1995-09-08,Buffalo Memorial Auditorium,"Buffalo, New York, U.S.",9000.0
8,UFC: The Ultimate Ultimate,1995-12-16,Mammoth Gardens,"Denver, Colorado, U.S.",2800.0
9,UFC 8: David vs. Goliath,1996-02-16,Coliseo Rubén Rodríguez,"Bayamón, Puerto Rico",13000.0
10,UFC 9: Motor City Madness,1996-05-17,Cobo Arena,"Detroit, Michigan, U.S.",10000.0
11,UFC 10: The Tournament,1996-07-12,Fair Park Arena,"Birmingham, Alabama, U.S.",4300.0
12,UFC 11: The Proving Ground,1996-09-20,Augusta Civic Center,"Augusta, Georgia, U.S.",4500.0
13,UFC: The Ultimate Ultimate 2,1996-12-07,Fair Park Arena,"Birmingham, Alabama, U.S.",6000.0
14,UFC 12: Judgement Day,1997-02-07,Dothan Civic Center,"Dothan, Alabama, U.S.",3100.0
15,UFC 13: The Ultimate Force,1997-05-30,Augusta Civic Center,"Augusta, Georgia, U.S.",5100.0
16,UFC 14: Showdown,1997-07-27,Boutwell Memorial Auditorium,"Birmingham, Alabama, U.S.",5000.0
17,UFC 15: Collision Course,1997-10-17,Casino Magic Bay St. Louis,"Bay St. Louis, Mississippi, U.S.",
18,UFC Japan: Ultimate Japan,1997-12-21,Yokohama Arena,"Yokohama, Japan",5000.0
19,UFC 16: Battle in the Bayou,1998-03-13,Pontchartrain Center,"New Orleans, Louisiana, U.S.",4600.0
20,UFC 17: Redemption,1998-05-15,Mobile Civic Center,"Mobile, Alabama, U.S.",
21,UFC Brazil: Ultimate Brazil,1998-10-16,Ginásio da Portuguesa,"São Paulo, Brazil",
22,UFC 18: The Road to the Heavyweight Title,1999-01-08,Pontchartrain Center,"New Orleans, Louisiana, U.S.",
23,UFC 19: Ultimate Young Guns,1999-03-05,Casino Magic Bay St. Louis,"Bay St. Louis, Mississippi, U.S.",
24,UFC 20: Battle for the Gold,1999-05-07,Boutwell Memorial Auditorium,"Birmingham, Alabama, U.S.",
25,UFC 21: Return of the Champions,1999-07-16,Five Seasons Events Center,"Cedar Rapids, Iowa, U.S.",
26,UFC 22: Only One Can be Champion,1999-09-24,Lake Charles Civic Center,"Lake Charles, Louisiana, U.S.",
27,UFC 23: Ultimate Japan 2,1999-11-19,Tokyo Bay NK Hall,"Chiba, Japan",
28,UFC 24: First Defense,2000-03-10,Lake Charles Civic Center,"Lake Charles, Louisiana, U.S.",
29,UFC 25: Ultimate Japan 3,2000-04-14,Yoyogi National Gymnasium,"Tokyo, Japan",
30,UFC 26: Ultimate Field of Dreams,2000-06-09,Five Seasons Events Center,"Cedar Rapids, Iowa, U.S.",1100.0
31,UFC 27: Ultimate Bad Boyz,2000-09-22,Lakefront Arena,"New Orleans, Louisiana, U.S.",
32,UFC 28: High Stakes,2000-11-17,Trump Taj Mahal,"Atlantic City, New Jersey, U.S.",
33,UFC 29: Defense of the Belts,2000-12-16,Differ Ariake Arena,"Tokyo, Japan",1414.0
34,UFC 30: Battle on the Boardwalk,2001-02-23,Trump Taj Mahal,"Atlantic City, New Jersey, U.S.",3000.0
35,UFC 31: Locked and Loaded,2001-05-04,Trump Taj Mahal,"Atlantic City, New Jersey, U.S.",
36,UFC 32: Showdown in the Meadowlands,2001-06-29,Meadowlands Arena,"East Rutherford, New Jersey, U.S.",12500.0
37,UFC 33: Victory in Vegas,2001-09-28,Mandalay Bay Events Center,"Las Vegas, Nevada, U.S.",9500.0
38,UFC 34: High Voltage,2001-11-02,MGM Grand Garden Arena,"Las Vegas, Nevada, U.S.",9000.0
39,UFC 35: Throwdown,2002-01-11,Mohegan Sun Arena,"Uncasville, Connecticut, U.S.",9600.0
40,UFC 36: Worlds Collide,2002-03-22,MGM Grand Garden Arena,"Las Vegas, Nevada, U.S.",10000.0
41,UFC 37: High Impact,2002-05-10,CenturyTel Center,"Bossier City, Louisiana, U.S.",7200.0
42,UFC 37.5: As Real As It Gets,2002-06-22,Bellagio,"Las Vegas, Nevada, U.S.",3700.0
43,UFC 38: Brawl at the Hall,2002-07-13,Royal Albert Hall,"London, England, UK",5000.0
44,UFC 39: The Warriors Return,2002-09-27,Mohegan Sun Arena,"Montville, Connecticut, U.S.",7800.0
45,UFC 40: Vendetta,2002-11-22,MGM Grand Garden Arena,"Las Vegas, Nevada, U.S.",13770.0
46,UFC 41: Onslaught,2003-02-28,Boardwalk Hall,"Atlantic City, New Jersey, U.S.",11707.0
47,UFC 42: Sudden Impact,2003-04-25,Kaseya Center,"Miami, Florida, U.S.",7500.0
48,UFC 43: Meltdown,2003-06-06,Thomas & Mack Center,"Las Vegas, Nevada, U.S.",9800.0
49,UFC 44: Undisputed,2003-09-26,Mandalay Bay Events Center,"Las Vegas, Nevada, U.S.",10400.0
50,UFC 45: Revolution,2003-11-21,Mohegan Sun Arena,"Montville, Connecticut, U.S.",9200.0
51,UFC 46: Supernatural,2004-01-31,Mandalay Bay Events Center,"Las Vegas, Nevada, U.S.",10700.0
52,UFC 47: It's On!,2004-04-02,Mandalay Bay Events Center,"Las Vegas, Nevada, U.S.",11437.0
53,UFC 48: Payback,2004-06-19,Mandalay Bay Events Center,"Las Vegas, Nevada, U.S.",10000.0
54,UFC 49: Unfinished Business,2004-08-21,MGM Grand Garden Arena,"Las Vegas, Nevada, U.S.",12100.0
55,UFC 50: The War of '04,2004-10-22,Boardwalk Hall,"Atlantic City, New Jersey, U.S.",9000.0
56,UFC 51: Super Saturday,2005-02-05,Mandalay Bay Events Center,"Las Vegas, Nevada, U.S.",11072.0
57,The Ultimate Fighter: Team Couture vs. Team Liddell Finale,2005-04-09,Cox Pavilion,"Las Vegas, Nevada, U.S.",
58,UFC 52: Couture vs. Liddell,2005-04-16,MGM Grand Garden Arena,"Las Vegas, Nevada, U.S.",14562.0
59,UFC 53: Heavy Hitters,2005-06-04,Boardwalk Hall,"Atlantic City, New Jersey, U.S.",12000.0
60,UFC Ultimate Fight Night,2005-08-06,Cox Pavilion,"Las Vegas, Nevada, U.S.",
61,UFC 54: Boiling Point,2005-08-20,MGM Grand Garden Arena,"Las Vegas, Nevada, U.S.",13520.0
62,UFC Ultimate Fight Night 2,2005-10-03,Hard Rock Hotel and Casino,"Las Vegas, Nevada, U.S.",
63,UFC 55: Fury,2005-10-07,Mohegan Sun Arena,"Montville, Connecticut, U.S.",8000.0
64,The Ultimate Fighter: Team Hughes vs. Team Franklin Finale,2005-11-05,Hard Rock Hotel and Casino,"Las Vegas, Nevada, U.S.",
65,UFC 56: Full Force,2005-11-19,MGM Grand Garden Arena,"Las Vegas, Nevada, U.S.",12000.0
66,UFC Ultimate Fight Night 3,2006-01-16,Hard Rock Hotel and Casino,"Las Vegas, Nevada, U.S.",1008.0
67,UFC 57: Liddell vs. Couture 3,2006-02-04,Mandalay Bay Events Center,"Las Vegas, Nevada, U.S.",10659.0
68,UFC 58: USA vs. Canada,2006-03-04,Mandalay Bay Events Center,"Las Vegas, Nevada, U.S.",9569.0
69,UFC Ultimate Fight Night 4,2006-04-06,Hard Rock Hotel and Casino,"Las Vegas, Nevada, U.S.",843.0
70,UFC 59: Reality Check,2006-04-15,Honda Center,"Anaheim, California, U.S.",13814.0
71,UFC 60: Hughes vs. Gracie,2006-05-27,Crypto.com Arena,"Los Angeles, California, U.S.",14765.0
72,The Ultimate Fighter: Team Ortiz vs. Team Shamrock Finale,2006-06-24,Hard Rock Hotel and Casino,"Las Vegas, Nevada, U.S.",849.0
73,UFC Ultimate Fight Night 5,2006-06-28,Hard Rock Hotel and Casino,"Las Vegas, Nevada, U.S.",606.0
74,UFC 61: Bitter Rivals,2006-07-08,Mandalay Bay Events Center,"Las Vegas, Nevada, U.S.",11167.0
75,UFC Fight Night 6,2006-08-17,Red Rock Resort Spa and Casino,"Summerlin, Nevada, U.S.",1412.0
76,UFC 62: Liddell vs. Sobral,2006-08-26,Mandalay Bay Events Center,"Las Vegas, Nevada, U.S.",10503.0
77,UFC 63: Hughes vs. Penn,2006-09-23,Honda Center,"Anaheim, California, U.S.",12604.0
78,UFC Fight Night 6.5,2006-10-10,Seminole Hard Rock Hotel and Casino,"Hollywood, Florida, U.S.",3510.0
79,UFC 64: Unstoppable,2006-10-14,Mandalay Bay Events Center,"Las Vegas, Nevada, U.S.",10173.0
80,The Ultimate Fighter: The Comeback Finale,2006-11-11,Hard Rock Hotel and Casino,"Las Vegas, Nevada, U.S.",1000.0
81,UFC 65: Bad Intentions,2006-11-18,ARCO Arena,"Sacramento, California, U.S.",14666.0
82,UFC Fight Night: Sanchez vs. Riggs,2006-12-13,Marine Corps Air Station Miramar,"San Diego, California, U.S.",3000.0
83,UFC 66: Liddell vs. Ortiz,2006-12-30,MGM Grand Garden Arena,"Las Vegas, Nevada, U.S.",13671.0
84,UFC Fight Night: Evans vs. Salmon,2007-01-25,Seminole Hard Rock Hotel and Casino,"Hollywood, Florida, U.S.",5287.0
85,UFC 67: All or Nothing,2007-02-03,Mandalay Bay Events Center,"Las Vegas, Nevada, U.S.",10787.0
86,UFC 68: The Uprising,2007-03-03,Nationwide Arena,"Columbus, Ohio, U.S.",19079.0
87,UFC Fight Night: Stevenson vs. Guillard,2007-04-05,Palms Casino Resort,"Las Vegas, Nevada, U.S.",1734.0
88,UFC 69: Shootout,2007-04-07,Toyota Center,"Houston, Texas, U.S.",15269.0
89,UFC 70: Nations Collide,2007-04-21,AO Arena,"Manchester, England, UK",15114.0
90,UFC 71: Liddell vs. Jackson,2007-05-26,MGM Grand Garden Arena,"Las Vegas, Nevada, U.S.",14728.0
91,UFC Fight Night: Stout vs. Fisher,2007-06-12,Seminole Hard Rock Hotel and Casino,"Hollywood, Florida, U.S.",
92,UFC 72: Victory,2007-06-16,The SSE Arena,"Belfast, Northern Ireland, UK",7850.0
93,The Ultimate Fighter: Team Pulver vs. Team Penn Finale,2007-06-23,Palms Casino Resort,"Las Vegas, Nevada, U.S.",
94,UFC 73: Stacked,2007-07-07,ARCO Arena,"Sacramento, California, U.S.",13183.0
95,UFC 74: Respect,2007-08-25,Mandalay Bay Events Center,"Las Vegas, Nevada, U.S.",11065.0
96,UFC 75: Champion vs. Champion,2007-09-08,The O2 Arena,"London, England, UK",16235.0
97,UFC Fight Night: Thomas vs. Florian,2007-09-19,Palms Casino Resort,"Las Vegas, Nevada, U.S.",
98,UFC 76: Knockout,2007-09-22,Honda Center,"Anaheim, California, U.S.",13770.0
99,UFC 77: Hostile Territory,2007-10-20,U.S. Bank Arena,"Cincinnati, Ohio, U.S.",16054.0
100,UFC 78: Validation,2007-11-17,Prudential Center,"Newark, New Jersey, U.S.",14071.0
101,The Ultimate Fighter: Team Hughes vs. Team Serra Finale,2007-12-08,Palms Casino Resort,"Las Vegas, Nevada, U.S.",
102,UFC 79: Nemesis,2007-12-29,Mandalay Bay Events Center,"Las Vegas, Nevada, U.S.",11075.0
103,UFC 80: Rapid Fire,2008-01-19,Metro Radio Arena,"Newcastle upon Tyne, England, UK",8412.0
104,UFC Fight Night: Swick vs. Burkman,2008-01-23,Palms Casino Resort,"Las Vegas, Nevada, U.S.",1900.0
105,UFC 81: Breaking Point,2008-02-02,Mandalay Bay Events Center,"Las Vegas, Nevada, U.S.",10583.0
106,UFC 82: Pride of a Champion,2008-03-01,Nationwide Arena,"Columbus, Ohio, U.S.",16431.0
107,UFC Fight Night: Florian vs. Lauzon,2008-04-02,1stBank Center,"Broomfield, Colorado, U.S.",6742.0
108,UFC 83: Serra vs. St-Pierre 2,2008-04-19,Bell Centre,"Montreal, Quebec, Canada",21390.0
109,UFC 84: Ill Will,2008-05-24,MGM Grand Garden Arena,"Las Vegas, Nevada, U.S.",14773.0
110,UFC 85: Bedlam,2008-06-07,The O2 Arena,"London, England, UK",15327.0
111,The Ultimate Fighter: Team Rampage vs. Team Forrest Finale,2008-06-21,Palms Casino Resort,"Las Vegas, Nevada, U.S.",1853.0
112,UFC 86: Jackson vs. Griffin,2008-07-05,Mandalay Bay Events Center,"Las Vegas, Nevada, U.S.",10990.0
113,UFC Fight Night: Silva vs. Irvin,2008-07-19,Palms Casino Resort,"Las Vegas, Nevada, U.S.",2071.0
114,UFC 87: Seek and Destroy,2008-08-09,Target Center,"Minneapolis, Minnesota, U.S.",15087.0
115,UFC 88: Breakthrough,2008-09-06,State Farm Arena,"Atlanta, Georgia, U.S.",14736.0
116,UFC Fight Night: Diaz vs. Neer,2008-09-17,Omaha Civic Auditorium,"Omaha, Nebraska, U.S.",9103.0
117,UFC 89: Bisping vs. Leben,2008-10-18,National Indoor Arena,"Birmingham, England, UK",9515.0
118,UFC 90: Silva vs. Côté,2008-10-25,Allstate Arena,"Rosemont, Illinois, U.S.",15359.0
119,UFC 91: Couture vs. Lesnar,2008-11-15,MGM Grand Garden Arena,"Las Vegas, Nevada, U.S.",14272.0
120,UFC: Fight for the Troops,2008-12-10,Crown Coliseum,"Fayetteville, North Carolina, U.S.",8500.0
121,The Ultimate Fighter: Team Nogueira vs. Team Mir Finale,2008-12-13,Palms Casino Resort,"Las Vegas, Nevada, U.S.",1853.0
122,UFC 92: The Ultimate 2008,2008-12-27,MGM Grand Garden Arena,"Las Vegas, Nevada, U.S.",14166.0
123,UFC 93: Franklin vs. Henderson,2009-01-17,3Arena,"Dublin, Ireland",9369.0
124,UFC 94: St-Pierre vs. Penn 2,2009-01-31,MGM Grand Garden Arena,"Las Vegas, Nevada, U.S.",14885.0
125,UFC Fight Night: Lauzon vs. Stephens,2009-02-07,USF Sun Dome,"Tampa, Florida, U.S.",7596.0
126,UFC 95: Sanchez vs. Stevenson,2009-02-21,The O2 Arena,"London, England, UK",13268.0
127,UFC 96: Jackson vs. Jardine,2009-03-07,Nationwide Arena,"Columbus, Ohio, U.S.",17033.0
128,UFC Fight Night: Condit vs. Kampmann,2009-04-01,Bridgestone Arena,"Nashville, Tennessee, U.S.",10267.0
129,UFC 97: Redemption,2009-04-18,Bell Centre,"Montreal, Quebec, Canada",21451.0
130,UFC 98: Evans vs. Machida,2009-05-23,MGM Grand Garden Arena,"Las Vegas, Nevada, U.S.",12606.0
131,UFC 99: The Comeback,2009-06-13,Lanxess Arena,"Cologne, Germany",12854.0
132,The Ultimate Fighter: United States vs. United Kingdom Finale,2009-06-20,Palms Casino Resort,"Las Vegas, Nevada, U.S.",2217.0
133,UFC 100,2009-07-11,Mandalay Bay Events Center,"Las Vegas, Nevada, U.S.",10871.0
134,UFC 101: Declaration,2009-08-08,Wells Fargo Center,"Philadelphia, Pennsylvania, U.S.",17411.0
135,UFC 102: Couture vs. Nogueira,2009-08-29,Moda Center,"Portland, Oregon, U.S.",16088.0
136,UFC Fight Night: Diaz vs. Guillard,2009-09-16,Cox Convention Center,"Oklahoma City, Oklahoma, U.S.",9490.0
137,UFC 103: Franklin vs. Belfort,2009-09-19,American Airlines Center,"Dallas, Texas, U.S.",17428.0
138,UFC 104: Machida vs. Shogun,2009-10-24,Crypto.com Arena,"Los Angeles, California, U.S.",14892.0
139,UFC 105: Couture vs. Vera,2009-11-14,AO Arena,"Manchester, England, UK",16693.0
140,UFC 106: Ortiz vs. Griffin 2,2009-11-21,Mandalay Bay Events Center,"Las Vegas, Nevada, U.S.",10529.0
141,The Ultimate Fighter: Heavyweights Finale,2009-12-05,Palms Casino Resort,"Las Vegas, Nevada, U.S.",1791.0
142,UFC 107: Penn vs. Sanchez,2009-12-12,FedExForum,"Memphis, Tennessee, U.S.",13896.0
143,UFC 108: Evans vs. Silva,2010-01-02,MGM Grand Garden Arena,"Las Vegas, Nevada, U.S.",13529.0
144,UFC Fight Night: Maynard vs. Diaz,2010-01-11,EagleBank Arena,"Fairfax, Virginia, U.S.",8078.0
145,UFC 109: Relentless,2010-02-06,Mandalay Bay Events Center,"Las Vegas, Nevada, U.S.",10753.0
146,UFC 110: Nogueira vs. Velasquez,2010-02-21,Qudos Bank Arena,"Sydney, Australia",17831.0
147,UFC Live: Vera vs. Jones,2010-03-21,1stBank Center,"Broomfield, Colorado, U.S.",6443.0
148,UFC 111: St-Pierre vs. Hardy,2010-03-27,Prudential Center,"Newark, New Jersey, U.S.",17000.0
149,UFC Fight Night: Florian vs. Gomi,2010-03-31,Bojangles Coliseum,"Charlotte, North Carolina, U.S.",7700.0
150,UFC 112: Invincible,2010-04-10,du Arena,"Abu Dhabi, United Arab Emirates",11008.0
151,UFC 113: Machida vs. Shogun 2,2010-05-08,Bell Centre,"Montreal, Quebec, Canada",17647.0
152,UFC 114: Rampage vs. Evans,2010-05-29,MGM Grand Garden Arena,"Las Vegas, Nevada, U.S.",14996.0
153,UFC 115: Liddell vs. Franklin,2010-06-12,Rogers Arena,"Vancouver, British Columbia, Canada",17669.0
154,The Ultimate Fighter: Team Liddell vs. Team Ortiz Finale,2010-06-19,Palms Casino Resort,"Las Vegas, Nevada, U.S.",1708.0
155,UFC 116: Lesnar vs. Carwin,2010-07-03,MGM Grand Garden Arena,"Las Vegas, Nevada, U.S.",12740.0
156,UFC Live: Jones vs. Matyushenko,2010-08-01,Pechanga Arena,"San Diego, California, U.S.",8132.0
157,UFC 117: Silva vs. Sonnen,2010-08-07,Oracle Arena,"Oakland, California, U.S.",12971.0
158,UFC 118: Edgar vs. Penn 2,2010-08-28,TD Garden,"Boston, Massachusetts, U.S.",14168.0
159,UFC Fight Night: Marquardt vs. Palhares,2010-09-15,Frank Erwin Center,"Austin, Texas, U.S.",7724.0
160,UFC 119: Mir vs. Cro Cop,2010-09-25,Conseco Fieldhouse,"Indianapolis, Indiana, U.S.",15811.0
161,UFC 120: Bisping vs. Akiyama,2010-10-16,The O2 Arena,"London, England, UK",17133.0
162,UFC 121: Lesnar vs. Velasquez,2010-10-23,Honda Center,"Anaheim, California, U.S.",14856.0
163,UFC 122: Marquardt vs. Okami,2010-11-13,Rudolf Weber-Arena,"Oberhausen, Germany",8421.0
164,UFC 123: Rampage vs. Machida,2010-11-20,The Palace of Auburn Hills,"Auburn Hills, Michigan, U.S.",16404.0
165,The Ultimate Fighter: Team GSP vs. Team Koscheck Finale,2010-12-04,Palms Casino Resort,"Las Vegas, Nevada, U.S.",1903.0
166,UFC 124: St-Pierre vs. Koscheck 2,2010-12-11,Bell Centre,"Montreal, Quebec, Canada",23152.0
167,UFC 125: Resolution,2011-01-01,MGM Grand Garden Arena,"Las Vegas, Nevada, U.S.",12874.0
168,UFC: Fight for the Troops 2,2011-01-22,Fort Hood,"Fort Hood, Texas, U.S.",3200.0
169,UFC 126: Silva vs. Belfort,2011-02-05,Mandalay Bay Events Center,"Las Vegas, Nevada, U.S.",10893.0
170,UFC 127: Penn vs. Fitch,2011-02-27,Qudos Bank Arena,"Sydney, Australia",18186.0
171,UFC Live: Sanchez vs. Kampmann,2011-03-03,KFC Yum! Center,"Louisville, Kentucky, U.S.",8319.0
172,UFC 128: Shogun vs. Jones,2011-03-19,Prudential Center,"Newark, New Jersey, U.S.",12619.0
173,UFC Fight Night: Nogueira vs. Davis,2011-03-26,Climate Pledge Arena,"Seattle, Washington, U.S.",13741.0
174,UFC 129: St-Pierre vs. Shields,2011-04-30,Rogers Centre,"Toronto, Ontario, Canada",55724.0
175,UFC 130: Rampage vs. Hamill,2011-05-28,MGM Grand Garden Arena,"Las Vegas, Nevada, U.S.",12753.0
176,The Ultimate Fighter: Team Lesnar vs. Team dos Santos Finale,2011-06-04,Palms Casino Resort,"Las Vegas, Nevada, U.S.",2053.0
177,UFC 131: dos Santos vs. Carwin,2011-06-11,Rogers Arena,"Vancouver, British Columbia, Canada",14685.0
178,UFC Live: Kongo vs. Barry,2011-06-26,PPG Paints Arena,"Pittsburgh, Pennsylvania, U.S.",7792.0
179,UFC 132: Cruz vs. Faber,2011-07-02,MGM Grand Garden Arena,"Las Vegas, Nevada, U.S.",13109.0
180,UFC 133: Evans vs. Ortiz,2011-08-06,Wells Fargo Center,"Philadelphia, Pennsylvania, U.S.",11583.0
181,UFC Live: Hardy vs. Lytle,2011-08-14,BMO Harris Bradley Center,"Milwaukee, Wisconsin, U.S.",6751.0
182,UFC 134: Silva vs. Okami,2011-08-27,Farmasi Arena,"Rio de Janeiro, Brazil",14000.0
183,UFC Fight Night: Shields vs. Ellenberger,2011-09-17,Ernest N. Morial Convention Center,"New Orleans, Louisiana, U.S.",7112.0
184,UFC 135: Jones vs. Rampage,2011-09-24,Ball Arena,"Denver, Colorado, U.S.",16344.0
185,UFC Live: Cruz vs. Johnson,2011-10-01,Capital One Arena,"Washington, D.C., U.S.",9380.0
186,UFC 136: Edgar vs. Maynard III,2011-10-08,Toyota Center,"Houston, Texas, U.S.",16164.0
187,UFC 137: Penn vs. Diaz,2011-10-29,Mandalay Bay Events Center,"Las Vegas, Nevada, U.S.",10313.0
188,UFC 138: Leben vs. Muñoz,2011-11-05,LG Arena,"Birmingham, England, UK",10823.0
189,UFC on Fox: Velasquez vs. dos Santos,2011-11-12,Honda Center,"Anaheim, California, U.S.",11607.0
190,UFC 139: Shogun vs. Henderson,2011-11-19,SAP Center,"San Jose, California, U.S.",13832.0
191,The Ultimate Fighter: Team Bisping vs. Team Miller Finale,2011-12-03,Palms Casino Resort,"Las Vegas, Nevada, U.S.",1909.0
192,UFC 140: Jones vs. Machida,2011-12-10,Scotiabank Arena,"Toronto, Ontario, Canada",18303.0
193,UFC 141: Lesnar vs. Overeem,2011-12-30,MGM Grand Garden Arena,"Las Vegas, Nevada, U.S.",13793.0
194,UFC 142: Aldo vs. Mendes,2012-01-14,Farmasi Arena,"Rio de Janeiro, Brazil",10605.0
195,UFC on FX: Guillard vs. Miller,2012-01-20,Bridgestone Arena,"Nashville, Tennessee, U.S.",7728.0
196,UFC on Fox: Evans vs. Davis,2012-01-28,United Center,"Chicago, Illinois, U.S.",16963.0
197,UFC 143: Diaz vs. Condit,2012-02-04,Mandalay Bay Events Center,"Las Vegas, Nevada, U.S.",9015.0
198,UFC on Fuel TV: Sanchez vs. Ellenberger,2012-02-15,Omaha Civic Auditorium,"Omaha, Nebraska, U.S.",6283.0
199,UFC 144: Edgar vs. Henderson,2012-02-26,Saitama Super Arena,"Saitama, Japan",21000.0
200,UFC on FX: Alves vs. Kampmann,2012-03-03,Qudos Bank Arena,"Sydney, Australia",14537.0
201,UFC on Fuel TV: Gustafsson vs. Silva,2012-04-14,Avicii Arena,"Stockholm, Sweden",15428.0
202,UFC 145: Jones vs. Evans,2012-04-21,State Farm Arena,"Atlanta, Georgia, U.S.",15545.0
203,UFC on Fox: Diaz vs. Miller,2012-05-05,Meadowlands Arena,"East Rutherford, New Jersey, U.S.",10788.0
204,UFC on Fuel TV: The Korean Zombie vs. Poirier,2012-05-15,EagleBank Arena,"Fairfax, Virginia, U.S.",6668.0
205,UFC 146: dos Santos vs. Mir,2012-05-26,MGM Grand Garden Arena,"Las Vegas, Nevada, U.S.",14674.0
206,The Ultimate Fighter: Live Finale,2012-06-01,Palms Casino Resort,"Las Vegas, Nevada, U.S.",1628.0
207,UFC on FX: Johnson vs. McCall 2,2012-06-08,Amerant Bank Arena,"Sunrise, Florida, U.S.",6635.0
208,UFC on FX: Maynard vs. Guida,2012-06-22,Revel Casino Hotel,"Atlantic City, New Jersey, U.S.",4652.0
209,UFC 147: Silva vs. Franklin II,2012-06-23,Mineirinho Arena,"Belo Horizonte, Brazil",16643.0
210,UFC 148: Silva vs. Sonnen II,2012-07-07,MGM Grand Garden Arena,"Las Vegas, Nevada, U.S.",15104.0
211,UFC on Fuel TV: Muñoz vs. Weidman,2012-07-11,SAP Center,"San Jose, California, U.S.",4250.0
212,UFC 149: Faber vs. Barão,2012-07-21,Scotiabank Saddledome,"Calgary, Alberta, Canada",16089.0
213,UFC on Fox: Shogun vs. Vera,2012-08-04,Crypto.com Arena,"Los Angeles, California, U.S.",16080.0
214,UFC 150: Henderson vs. Edgar II,2012-08-11,Ball Arena,"Denver, Colorado, U.S.",13027.0
215,UFC 152: Jones vs. Belfort,2012-09-22,Scotiabank Arena,"Toronto, Ontario, Canada",16800.0
216,UFC on Fuel TV: Struve vs. Miocic,2012-09-29,Motorpoint Arena,"Nottingham, England, UK",7241.0
217,UFC on FX: Browne vs. Bigfoot,2012-10-05,Target Center,"Minneapolis, Minnesota, U.S.",7049.0
218,UFC 153: Silva vs. Bonnar,2012-10-13,Farmasi Arena,"Rio de Janeiro, Brazil",16844.0
219,UFC on Fuel TV: Franklin vs. Le,2012-11-10,Cotai Arena,"Macau, China",8415.0
220,UFC 154: St-Pierre vs. Condit,2012-11-17,Bell Centre,"Montreal, Quebec, Canada",17249.0
221,UFC on Fox: Henderson vs. Diaz,2012-12-08,Climate Pledge Arena,"Seattle, Washington, U.S.",14387.0
222,UFC on FX: Sotiropoulos vs. Pearson,2012-12-15,Gold Coast Convention and Exhibition Centre,"Gold Coast, Australia",5133.0
223,The Ultimate Fighter: Team Carwin vs. Team Nelson Finale,2012-12-15,Hard Rock Hotel and Casino,"Las Vegas, Nevada, U.S.",2500.0
224,UFC 155: dos Santos vs. Velasquez 2,2012-12-29,MGM Grand Garden Arena,"Las Vegas, Nevada, U.S.",13561.0
225,UFC on FX: Belfort vs. Bisping,2013-01-19,Ginásio do Ibirapuera,"São Paulo, Brazil",9116.0
226,UFC on Fox: Johnson vs. Dodson,2013-01-26,United Center,"Chicago, Illinois, U.S.",16091.0
227,UFC 156: Aldo vs. Edgar,2013-02-02,Mandalay Bay Events Center,"Las Vegas, Nevada, U.S.",10275.0
228,UFC on Fuel TV: Barão vs. McDonald,2013-02-16,Wembley Arena,"London, England, UK",10349.0
229,UFC 157: Rousey vs. Carmouche,2013-02-23,Honda Center,"Anaheim, California, U.S.",13257.0
230,UFC on Fuel TV: Silva vs. Stann,2013-03-03,Saitama Super Arena,"Saitama, Japan",14682.0
231,UFC 158: St-Pierre vs. Diaz,2013-03-16,Bell Centre,"Montreal, Quebec, Canada",20145.0
232,UFC on Fuel TV: Mousasi vs. Latifi,2013-04-06,Avicii Arena,"Stockholm, Sweden",14506.0
233,The Ultimate Fighter: Team Jones vs. Team Sonnen Finale,2013-04-13,Mandalay Bay Events Center,"Las Vegas, Nevada, U.S.",5918.0
234,UFC on Fox: Henderson vs. Melendez,2013-04-20,SAP Center,"San Jose, California, U.S.",13506.0
235,UFC 159: Jones vs. Sonnen,2013-04-27,Prudential Center,"Newark, New Jersey, U.S.",15227.0
236,UFC on FX: Belfort vs. Rockhold,2013-05-18,Arena Jaraguá,"Jaraguá do Sul, Brazil",7642.0
237,UFC 160: Velasquez vs. Bigfoot 2,2013-05-25,MGM Grand Garden Arena,"Las Vegas, Nevada, U.S.",12380.0
238,UFC on Fuel TV: Nogueira vs. Werdum,2013-06-08,Ginásio Paulo Sarasate,"Fortaleza, Brazil",6286.0
239,UFC 161: Evans vs. Henderson,2013-06-15,Canada Life Centre,"Winnipeg, Manitoba, Canada",14754.0
240,UFC 162: Silva vs. Weidman,2013-07-06,MGM Grand Garden Arena,"Las Vegas, Nevada, U.S.",12964.0
241,UFC on Fox: Johnson vs. Moraga,2013-07-27,Climate Pledge Arena,"Seattle, Washington, U.S.",8967.0
242,UFC 163: Aldo vs. Korean Zombie,2013-08-03,Farmasi Arena,"Rio de Janeiro, Brazil",13873.0
243,UFC Fight Night: Shogun vs. Sonnen,2013-08-17,TD Garden,"Boston, Massachusetts, U.S.",14181.0
244,UFC Fight Night: Condit vs. Kampmann 2,2013-08-28,Bankers Life Fieldhouse,"Indianapolis, Indiana, U.S.",6417.0
245,UFC 164: Henderson vs. Pettis 2,2013-08-31,BMO Harris Bradley Center,"Milwaukee, Wisconsin, U.S.",9178.0
246,UFC Fight Night: Teixeira vs. Bader,2013-09-04,Mineirinho Arena,"Belo Horizonte, Brazil",5126.0
247,UFC 165: Jones vs. Gustafsson,2013-09-21,Scotiabank Arena,"Toronto, Ontario, Canada",15504.0
248,UFC Fight Night: Maia vs. Shields,2013-10-09,Ginásio José Corrêa,"Barueri, Brazil",6621.0
249,UFC 166: Velasquez vs. dos Santos III,2013-10-19,Toyota Center,"Houston, Texas, U.S.",17238.0
250,UFC Fight Night: Machida vs. Muñoz,2013-10-26,AO Arena,"Manchester, England, UK",10355.0
251,UFC: Fight for the Troops 3,2013-11-06,Fort Campbell,"Fort Campbell, Kentucky, U.S.",
252,UFC Fight Night: Belfort vs. Henderson 2,2013-11-09,Goiânia Arena,"Goiânia, Brazil",10565.0
253,UFC 167: St-Pierre vs. Hendricks,2013-11-16,MGM Grand Garden Arena,"Las Vegas, Nevada, U.S.",14856.0
254,The Ultimate Fighter: Team Rousey vs. Team Tate Finale,2013-11-30,Mandalay Bay Events Center,"Las Vegas, Nevada, U.S.",4853.0
255,UFC Fight Night: Hunt vs. Bigfoot,2013-12-07,Brisbane Entertainment Centre,"Brisbane, Australia",11393.0
256,UFC on Fox: Johnson vs. Benavidez 2,2013-12-14,ARCO Arena,"Sacramento, California, U.S.",11573.0
257,UFC 168: Weidman vs. Silva 2,2013-12-28,MGM Grand Garden Arena,"Las Vegas, Nevada, U.S.",15650.0
258,UFC Fight Night: Saffiedine vs. Lim,2014-01-04,Marina Bay Sands,"Marina Bay, Singapore",5216.0
259,UFC Fight Night: Rockhold vs. Philippou,2014-01-15,Arena at Gwinnett Center,"Duluth, Georgia, U.S.",5822.0
260,UFC on Fox: Henderson vs. Thomson,2014-01-25,United Center,"Chicago, Illinois, U.S.",10895.0
261,UFC 169: Barão vs. Faber 2,2014-02-01,Prudential Center,"Newark, New Jersey, U.S.",14308.0
262,UFC Fight Night: Machida vs. Mousasi,2014-02-15,Arena Jaraguá,"Jaraguá do Sul, Brazil",7511.0
263,UFC 170: Rousey vs. McMann,2014-02-22,Mandalay Bay Events Center,"Las Vegas, Nevada, U.S.",10217.0
264,The Ultimate Fighter China Finale: Kim vs. Hathaway,2014-03-01,Cotai Arena,"Macau, China",6000.0
265,UFC Fight Night: Gustafsson vs. Manuwa,2014-03-08,The O2 Arena,"London, England, UK",14604.0
266,UFC 171: Hendricks vs. Lawler,2014-03-15,American Airlines Center,"Dallas, Texas, U.S.",19324.0
267,UFC Fight Night: Shogun vs. Henderson 2,2014-03-23,Ginásio Nélio Dias,"Natal, Brazil",6828.0
268,UFC Fight Night: Nogueira vs. Nelson,2014-04-11,du Arena,"Abu Dhabi, United Arab Emirates",7963.0
269,The Ultimate Fighter Nations Finale: Bisping vs. Kennedy,2014-04-16,Colisée Pepsi,"Quebec City, Quebec, Canada",5029.0
270,UFC on Fox: Werdum vs. Browne,2014-04-19,Kia Center,"Orlando, Florida, U.S.",17000.0
271,UFC 172: Jones vs. Teixeira,2014-04-26,Baltimore Arena,"Baltimore, Maryland, U.S.",13485.0
272,UFC Fight Night: Brown vs. Silva,2014-05-10,U.S. Bank Arena,"Cincinnati, Ohio, U.S.",6143.0
273,UFC 173: Barão vs. Dillashaw,2014-05-24,MGM Grand Garden Arena,"Las Vegas, Nevada, U.S.",11036.0
274,UFC Fight Night: Muñoz vs. Mousasi,2014-05-31,Uber Arena,"Berlin, Germany",8000.0
275,The Ultimate Fighter Brazil 3 Finale: Miocic vs. Maldonado,2014-05-31,Ginásio do Ibirapuera,"São Paulo, Brazil",8986.0
276,UFC Fight Night: Henderson vs. Khabilov,2014-06-07,Tingley Coliseum,"Albuquerque, New Mexico, U.S.",8775.0
277,UFC 174: Johnson vs. Bagautinov,2014-06-14,Rogers Arena,"Vancouver, British Columbia, Canada",13506.0
278,UFC Fight Night: Te Huna vs. Marquardt,2014-06-28,Spark Arena,"Auckland, New Zealand",8089.0
279,UFC Fight Night: Swanson vs. Stephens,2014-06-28,Frost Bank Center,"San Antonio, Texas, U.S.",9227.0
280,UFC 175: Weidman vs. Machida,2014-07-05,Mandalay Bay Events Center,"Las Vegas, Nevada, U.S.",10088.0
281,The Ultimate Fighter: Team Edgar vs. Team Penn Finale,2014-07-06,Mandalay Bay Events Center,"Las Vegas, Nevada, U.S.",6500.0
282,UFC Fight Night: Cowboy vs. Miller,2014-07-16,Revel Casino Hotel,"Atlantic City, New Jersey, U.S.",4115.0
283,UFC Fight Night: McGregor vs. Brandão,2014-07-19,3Arena,"Dublin, Ireland",9500.0
284,UFC on Fox: Lawler vs. Brown,2014-07-26,SAP Center,"San Jose, California, U.S.",11482.0
285,UFC Fight Night: Bader vs. Saint Preux,2014-08-16,Cross Insurance Center,"Bangor, Maine, U.S.",5329.0
286,UFC Fight Night: Bisping vs. Le,2014-08-23,Cotai Arena,"Macau, China",7022.0
287,UFC Fight Night: Henderson vs. dos Anjos,2014-08-23,BOK Center,"Tulsa, Oklahoma, U.S.",7119.0
288,UFC 177: Dillashaw vs. Soto,2014-08-30,ARCO Arena,"Sacramento, California, U.S.",11100.0
289,UFC Fight Night: Jacaré vs. Mousasi,2014-09-05,Foxwoods Resort Casino,"Ledyard, Connecticut, U.S.",4086.0
290,UFC Fight Night: Bigfoot vs. Arlovski,2014-09-13,Ginásio Nilson Nelson,"Brasília, Brazil",8822.0
291,UFC Fight Night: Hunt vs. Nelson,2014-09-20,Saitama Super Arena,"Saitama, Japan",12395.0
292,UFC 178: Johnson vs. Cariaso,2014-09-27,MGM Grand Garden Arena,"Las Vegas, Nevada, U.S.",10544.0
293,UFC Fight Night: Nelson vs. Story,2014-10-04,Avicii Arena,"Stockholm, Sweden",10026.0
294,UFC Fight Night: MacDonald vs. Saffiedine,2014-10-04,Scotiabank Centre,"Halifax, Nova Scotia, Canada",10782.0
295,UFC 179: Aldo vs. Mendes 2,2014-10-25,Ginásio do Maracanãzinho,"Rio de Janeiro, Brazil",11415.0
296,UFC Fight Night: Rockhold vs. Bisping,2014-11-08,Qudos Bank Arena,"Sydney, Australia",9904.0
297,UFC Fight Night: Shogun vs. Saint Preux,2014-11-08,Ginásio Municipal Tancredo Neves,"Uberlândia, Brazil",5671.0
298,UFC 180: Werdum vs. Hunt,2014-11-15,Arena Ciudad de México,"Mexico City, Mexico",21000.0
299,UFC Fight Night: Edgar vs. Swanson,2014-11-22,Frank Erwin Center,"Austin, Texas, U.S.",10131.0
300,UFC 181: Hendricks vs. Lawler II,2014-12-06,Mandalay Bay Events Center,"Las Vegas, Nevada, U.S.",9617.0
301,The Ultimate Fighter: A Champion Will Be Crowned Finale,2014-12-12,Palms Casino Resort,"Las Vegas, Nevada, U.S.",1800.0
302,UFC on Fox: dos Santos vs. Miocic,2014-12-13,Footprint Center,"Phoenix, Arizona, U.S.",15300.0
303,UFC Fight Night: Machida vs. Dollaway,2014-12-20,Ginásio José Corrêa,"Barueri, Brazil",
304,UFC 182: Jones vs. Cormier,2015-01-03,MGM Grand Garden Arena,"Las Vegas, Nevada, U.S.",11575.0
305,UFC Fight Night: McGregor vs. Siver,2015-01-18,TD Garden,"Boston, Massachusetts, U.S.",13828.0
306,UFC on Fox: Gustafsson vs. Johnson,2015-01-24,Tele2 Arena,"Stockholm, Sweden",30000.0
307,UFC 183: Silva vs. Diaz,2015-01-31,MGM Grand Garden Arena,"Las Vegas, Nevada, U.S.",13114.0
308,UFC Fight Night: Henderson vs. Thatch,2015-02-14,1stBank Center,"Broomfield, Colorado, U.S.",5807.0
309,UFC Fight Night: Bigfoot vs. Mir,2015-02-22,Ginásio Gigantinho,"Porto Alegre, Brazil",5080.0
310,UFC 184: Rousey vs. Zingano,2015-02-28,Crypto.com Arena,"Los Angeles, California, U.S.",17654.0
311,UFC 185: Pettis vs. dos Anjos,2015-03-14,American Airlines Center,"Dallas, Texas, U.S.",17160.0
312,UFC Fight Night: Maia vs. LaFlare,2015-03-21,Ginásio do Maracanãzinho,"Rio de Janeiro, Brazil",7707.0
313,UFC Fight Night: Mendes vs. Lamas,2015-04-04,EagleBank Arena,"Fairfax, Virginia, U.S.",5417.0
314,UFC Fight Night: Gonzaga vs. Cro Cop 2,2015-04-11,Tauron Arena Kraków,"Kraków, Poland",10000.0
315,UFC on Fox: Machida vs. Rockhold,2015-04-18,Prudential Center,"Newark, New Jersey, U.S.",13306.0
316,UFC 186: Johnson vs. Horiguchi,2015-04-25,Bell Centre,"Montreal, Quebec, Canada",10154.0
317,UFC Fight Night: Miocic vs. Hunt,2015-05-10,Adelaide Entertainment Centre,"Adelaide, Australia",7984.0
318,UFC Fight Night: Edgar vs. Faber,2015-05-16,Mall of Asia Arena,"Pasay, Philippines",13446.0
319,UFC 187: Johnson vs. Cormier,2015-05-23,MGM Grand Garden Arena,"Las Vegas, Nevada, U.S.",12615.0
320,UFC Fight Night: Condit vs. Alves,2015-05-30,Goiânia Arena,"Goiânia, Brazil",3500.0
321,UFC Fight Night: Boetsch vs. Henderson,2015-06-06,Smoothie King Center,"New Orleans, Louisiana, U.S.",6231.0
322,UFC 188: Velasquez vs. Werdum,2015-06-13,Arena Ciudad de México,"Mexico City, Mexico",21036.0
323,UFC Fight Night: Jędrzejczyk vs. Penne,2015-06-20,Uber Arena,"Berlin, Germany",8155.0
324,UFC Fight Night: Machida vs. Romero,2015-06-27,Seminole Hard Rock Hotel and Casino,"Hollywood, Florida, U.S.",5604.0
325,UFC 189: Mendes vs. McGregor,2015-07-11,MGM Grand Garden Arena,"Las Vegas, Nevada, U.S.",16019.0
326,The Ultimate Fighter: American Top Team vs. Blackzilians Finale,2015-07-12,MGM Grand Garden Arena,"Las Vegas, Nevada, U.S.",4844.0
327,UFC Fight Night: Mir vs. Duffee,2015-07-15,Pechanga Arena,"San Diego, California, U.S.",5471.0
328,UFC Fight Night: Bisping vs. Leites,2015-07-18,The SSE Hydro,"Glasgow, Scotland, UK",10451.0
329,UFC on Fox: Dillashaw vs. Barão 2,2015-07-25,United Center,"Chicago, Illinois, U.S.",11663.0
330,UFC 190: Rousey vs. Correia,2015-08-01,Farmasi Arena,"Rio de Janeiro, Brazil",14723.0
331,UFC Fight Night: Teixeira vs. Saint Preux,2015-08-08,Bridgestone Arena,"Nashville, Tennessee, U.S.",7539.0
332,UFC Fight Night: Holloway vs. Oliveira,2015-08-23,SaskTel Centre,"Saskatoon, Saskatchewan, Canada",7202.0
333,UFC 191: Johnson vs. Dodson 2,2015-09-05,MGM Grand Garden Arena,"Las Vegas, Nevada, U.S.",10873.0
334,UFC Fight Night: Barnett vs. Nelson,2015-09-27,Saitama Super Arena,"Saitama, Japan",10137.0
335,UFC 192: Cormier vs. Gustafsson,2015-10-03,Toyota Center,"Houston, Texas, U.S.",14622.0
336,UFC Fight Night: Holohan vs. Smolka,2015-10-24,3Arena,"Dublin, Ireland",9500.0
337,UFC Fight Night: Belfort vs. Henderson 3,2015-11-07,Ginásio do Ibirapuera,"São Paulo, Brazil",10628.0
338,UFC 193: Rousey vs. Holm,2015-11-15,Marvel Stadium,"Melbourne, Australia",56214.0
339,The Ultimate Fighter Latin America 2 Finale: Magny vs. Gastelum,2015-11-21,Arena Monterrey,"Monterrey, Mexico",10410.0
340,UFC Fight Night: Henderson vs. Masvidal,2015-11-28,Olympic Gymnastics Arena,"Seoul, South Korea",12156.0
341,UFC Fight Night: Namajunas vs. VanZant,2015-12-10,The Chelsea at The Cosmopolitan,"Las Vegas, Nevada, U.S.",1643.0
342,The Ultimate Fighter: Team McGregor vs. Team Faber Finale,2015-12-11,The Chelsea at The Cosmopolitan,"Las Vegas, Nevada, U.S.",2566.0
343,UFC 194: Aldo vs. McGregor,2015-12-12,MGM Grand Garden Arena,"Las Vegas, Nevada, U.S.",16516.0
344,UFC on Fox: dos Anjos vs. Cowboy 2,2015-12-19,Kia Center,"Orlando, Florida, U.S.",14459.0
345,UFC 195: Lawler vs. Condit,2016-01-02,MGM Grand Garden Arena,"Las Vegas, Nevada, U.S.",10300.0
346,UFC Fight Night: Dillashaw vs. Cruz,2016-01-17,TD Garden,"Boston, Massachusetts, U.S.",12022.0
347,UFC on Fox: Johnson vs. Bader,2016-01-30,Prudential Center,"Newark, New Jersey, U.S.",10555.0
348,UFC Fight Night: Hendricks vs. Thompson,2016-02-06,MGM Grand Garden Arena,"Las Vegas, Nevada, U.S.",7422.0
349,UFC Fight Night: Cowboy vs. Cowboy,2016-02-21,PPG Paints Arena,"Pittsburgh, Pennsylvania, U.S.",7330.0
350,UFC Fight Night: Silva vs. Bisping,2016-02-27,The O2 Arena,"London, England, UK",16734.0
351,UFC 196: McGregor vs. Diaz,2016-03-05,MGM Grand Garden Arena,"Las Vegas, Nevada, U.S.",14898.0
352,UFC Fight Night: Hunt vs. Mir,2016-03-20,Brisbane Entertainment Centre,"Brisbane, Australia",9552.0
353,UFC Fight Night: Rothwell vs. dos Santos,2016-04-10,Arena Zagreb,"Zagreb, Croatia",13177.0
354,UFC on Fox: Teixeira vs. Evans,2016-04-16,Amalie Arena,"Tampa, Florida, U.S.",11273.0
355,UFC 197: Jones vs. Saint Preux,2016-04-23,MGM Grand Garden Arena,"Las Vegas, Nevada, U.S.",11352.0
356,UFC Fight Night: Overeem vs. Arlovski,2016-05-08,Rotterdam Ahoy,"Rotterdam, Netherlands",10421.0
357,UFC 198: Werdum vs. Miocic,2016-05-14,Arena da Baixada,"Curitiba, Brazil",45207.0
358,UFC Fight Night: Almeida vs. Garbrandt,2016-05-29,Mandalay Bay Events Center,"Las Vegas, Nevada, U.S.",5193.0
359,UFC 199: Rockhold vs. Bisping 2,2016-06-04,The Forum,"Inglewood, California, U.S.",15587.0
360,UFC Fight Night: MacDonald vs. Thompson,2016-06-18,TD Place Arena,"Ottawa, Ontario, Canada",10490.0
361,UFC Fight Night: dos Anjos vs. Alvarez,2016-07-07,MGM Grand Garden Arena,"Las Vegas, Nevada, U.S.",7760.0
362,The Ultimate Fighter: Team Joanna vs. Team Cláudia Finale,2016-07-08,MGM Grand Garden Arena,"Las Vegas, Nevada, U.S.",8115.0
363,UFC 200: Tate vs. Nunes,2016-07-09,T-Mobile Arena,"Las Vegas, Nevada, U.S.",18202.0
364,UFC Fight Night: McDonald vs. Lineker,2016-07-13,Denny Sanford Premier Center,"Sioux Falls, South Dakota, U.S.",5671.0
365,UFC on Fox: Holm vs. Shevchenko,2016-07-23,United Center,"Chicago, Illinois, U.S.",10287.0
366,UFC 201: Lawler vs. Woodley,2016-07-30,State Farm Arena,"Atlanta, Georgia, U.S.",10240.0
367,UFC Fight Night: Rodríguez vs. Caceres,2016-08-06,Delta Center,"Salt Lake City, Utah, U.S.",6689.0
368,UFC 202: Diaz vs. McGregor 2,2016-08-20,T-Mobile Arena,"Las Vegas, Nevada, U.S.",15539.0
369,UFC on Fox: Maia vs. Condit,2016-08-27,Rogers Arena,"Vancouver, British Columbia, Canada",10533.0
370,UFC Fight Night: Arlovski vs. Barnett,2016-09-03,Barclaycard Arena,"Hamburg, Germany",11763.0
371,UFC 203: Miocic vs. Overeem,2016-09-10,Quicken Loans Arena,"Cleveland, Ohio, U.S.",18875.0
372,UFC Fight Night: Poirier vs. Johnson,2016-09-17,State Farm Arena,"Hidalgo, Texas, U.S.",5624.0
373,UFC Fight Night: Cyborg vs. Länsberg,2016-09-24,Ginásio Nilson Nelson,"Brasília, Brazil",8410.0
374,UFC Fight Night: Lineker vs. Dodson,2016-10-01,Moda Center,"Portland, Oregon, U.S.",6240.0
375,UFC 204: Bisping vs. Henderson 2,2016-10-08,AO Arena,"Manchester, England, UK",16000.0
376,The Ultimate Fighter Latin America 3 Finale: dos Anjos vs. Ferguson,2016-11-05,Arena Ciudad de México,"Mexico City, Mexico",11460.0
377,UFC 205: Alvarez vs. McGregor,2016-11-12,Madison Square Garden,"New York, New York, U.S.",20427.0
378,UFC Fight Night: Mousasi vs. Hall 2,2016-11-19,The SSE Arena,"Belfast, Northern Ireland, UK",7222.0
379,UFC Fight Night: Bader vs. Nogueira 2,2016-11-19,Ginásio do Ibirapuera,"São Paulo, Brazil",9028.0
380,UFC Fight Night: Whittaker vs. Brunson,2016-11-27,Rod Laver Arena,"Melbourne, Australia",13721.0
381,The Ultimate Fighter: Tournament of Champions Finale,2016-12-03,Palms Casino Resort,"Las Vegas, Nevada, U.S.",2044.0
382,UFC Fight Night: Lewis vs. Abdurakhimov,2016-12-09,Times Union Center,"Albany, New York, U.S.",6216.0
383,UFC 206: Holloway vs. Pettis,2016-12-10,Scotiabank Arena,"Toronto, Ontario, Canada",18057.0
384,UFC on Fox: VanZant vs. Waterson,2016-12-17,Golden 1 Center,"Sacramento, California, U.S.",13136.0
385,UFC 207: Nunes vs. Rousey,2016-12-30,T-Mobile Arena,"Las Vegas, Nevada, U.S.",18533.0
386,UFC Fight Night: Rodríguez vs. Penn,2017-01-15,Footprint Center,"Phoenix, Arizona, U.S.",11589.0
387,UFC on Fox: Shevchenko vs. Peña,2017-01-28,Ball Arena,"Denver, Colorado, U.S.",13233.0
388,UFC Fight Night: Bermudez vs. The Korean Zombie,2017-02-04,Toyota Center,"Houston, Texas, U.S.",8119.0
389,UFC 208: Holm vs. de Randamie,2017-02-11,Barclays Center,"New York, New York, U.S.",15628.0
390,UFC Fight Night: Lewis vs. Browne,2017-02-19,Scotiabank Centre,"Halifax, Nova Scotia, Canada",8123.0
391,UFC 209: Woodley vs. Thompson 2,2017-03-04,T-Mobile Arena,"Las Vegas, Nevada, U.S.",13150.0
392,UFC Fight Night: Belfort vs. Gastelum,2017-03-11,Centro de Formação Olímpica do Nordeste,"Fortaleza, Brazil",14069.0
393,UFC Fight Night: Manuwa vs. Anderson,2017-03-18,The O2 Arena,"London, England, UK",15761.0
394,UFC 210: Cormier vs. Johnson 2,2017-04-08,KeyBank Center,"Buffalo, New York, U.S.",17110.0
395,UFC on Fox: Johnson vs. Reis,2017-04-15,T-Mobile Center,"Kansas City, Missouri, U.S.",12171.0
396,UFC Fight Night: Swanson vs. Lobov,2017-04-22,Bridgestone Arena,"Nashville, Tennessee, U.S.",10144.0
397,UFC 211: Miocic vs. dos Santos 2,2017-05-13,American Airlines Center,"Dallas, Texas, U.S.",17834.0
398,UFC Fight Night: Gustafsson vs. Teixeira,2017-05-28,Avicii Arena,"Stockholm, Sweden",12668.0
399,UFC 212: Aldo vs. Holloway,2017-06-03,Farmasi Arena,"Rio de Janeiro, Brazil",15412.0
400,UFC Fight Night: Lewis vs. Hunt,2017-06-11,Spark Arena,"Auckland, New Zealand",8649.0
401,UFC Fight Night: Holm vs. Correia,2017-06-17,Singapore Indoor Stadium,"Kallang, Singapore",8414.0
402,UFC Fight Night: Chiesa vs. Lee,2017-06-25,Chesapeake Energy Arena,"Oklahoma City, Oklahoma, U.S.",7605.0
403,The Ultimate Fighter: Redemption Finale,2017-07-07,T-Mobile Arena,"Las Vegas, Nevada, U.S.",6308.0
404,UFC 213: Romero vs. Whittaker,2017-07-08,T-Mobile Arena,"Las Vegas, Nevada, U.S.",12834.0
405,UFC Fight Night: Nelson vs. Ponzinibbio,2017-07-16,The SSE Hydro,"Glasgow, Scotland, UK",10589.0
406,UFC on Fox: Weidman vs. Gastelum,2017-07-22,Nassau Veterans Memorial Coliseum,"Hempstead, New York, U.S.",11198.0
407,UFC 214: Cormier vs. Jones 2,2017-07-29,Honda Center,"Anaheim, California, U.S.",16610.0
408,UFC Fight Night: Pettis vs. Moreno,2017-08-05,Arena Ciudad de México,"Mexico City, Mexico",10172.0
409,UFC Fight Night: Volkov vs. Struve,2017-09-02,Rotterdam Ahoy,"Rotterdam, Netherlands",10224.0
410,UFC 215: Nunes vs. Shevchenko 2,2017-09-09,Rogers Place,"Edmonton, Alberta, Canada",16232.0
411,UFC Fight Night: Rockhold vs. Branch,2017-09-16,PPG Paints Arena,"Pittsburgh, Pennsylvania, U.S.",7005.0
412,UFC Fight Night: Saint Preux vs. Okami,2017-09-23,Saitama Super Arena,"Saitama, Japan",8571.0
413,UFC 216: Ferguson vs. Lee,2017-10-07,T-Mobile Arena,"Las Vegas, Nevada, U.S.",10638.0
414,UFC Fight Night: Cowboy vs. Till,2017-10-21,Ergo Arena,"Gdańsk, Poland",11138.0
415,UFC Fight Night: Brunson vs. Machida,2017-10-28,Ginásio do Ibirapuera,"São Paulo, Brazil",10265.0
416,UFC 217: Bisping vs. St-Pierre,2017-11-04,Madison Square Garden,"New York, New York, U.S.",18201.0
417,UFC Fight Night: Poirier vs. Pettis,2017-11-11,Chartway Arena,"Norfolk, Virginia, U.S.",8442.0
418,UFC Fight Night: Werdum vs. Tybura,2017-11-19,Qudos Bank Arena,"Sydney, Australia",10021.0
419,UFC Fight Night: Bisping vs. Gastelum,2017-11-25,Mercedes-Benz Arena,"Shanghai, China",15128.0
420,The Ultimate Fighter: A New World Champion Finale,2017-12-01,Park Theater,"Las Vegas, Nevada, U.S.",
421,UFC 218: Holloway vs. Aldo 2,2017-12-02,Little Caesars Arena,"Detroit, Michigan, U.S.",17587.0
422,UFC Fight Night: Swanson vs. Ortega,2017-12-09,Save Mart Center,"Fresno, California, U.S.",7605.0
423,UFC on Fox: Lawler vs. dos Anjos,2017-12-16,Canada Life Centre,"Winnipeg, Manitoba, Canada",8862.0
424,UFC 219: Cyborg vs. Holm,2017-12-30,T-Mobile Arena,"Las Vegas, Nevada, U.S.",13561.0
425,UFC Fight Night: Stephens vs. Choi,2018-01-14,Enterprise Center,"St. Louis, Missouri, U.S.",10052.0
426,UFC 220: Miocic vs. Ngannou,2018-01-20,TD Garden,"Boston, Massachusetts, U.S.",16015.0
427,UFC on Fox: Jacaré vs. Brunson 2,2018-01-27,Spectrum Center,"Charlotte, North Carolina, U.S.",10249.0
428,UFC Fight Night: Machida vs. Anders,2018-02-03,Arena Guilherme Paraense,"Belém, Brazil",10144.0
429,UFC 221: Romero vs. Rockhold,2018-02-11,Perth Arena,"Perth, Australia",12437.0
430,UFC Fight Night: Cowboy vs. Medeiros,2018-02-18,Frank Erwin Center,"Austin, Texas, U.S.",10502.0
431,UFC on Fox: Emmett vs. Stephens,2018-02-24,Kia Center,"Orlando, Florida, U.S.",10124.0
432,UFC 222: Cyborg vs. Kunitskaya,2018-03-03,T-Mobile Arena,"Las Vegas, Nevada, U.S.",12041.0
433,UFC Fight Night: Werdum vs. Volkov,2018-03-17,The O2 Arena,"London, England, UK",16274.0
434,UFC 223: Khabib vs. Iaquinta,2018-04-07,Barclays Center,"New York, New York, U.S.",17026.0
435,UFC on Fox: Poirier vs. Gaethje,2018-04-14,Gila River Arena,"Glendale, Arizona, U.S.",11382.0
436,UFC Fight Night: Barboza vs. Lee,2018-04-21,Boardwalk Hall,"Atlantic City, New Jersey, U.S.",9541.0
437,UFC 224: Nunes vs. Pennington,2018-05-12,Farmasi Arena,"Rio de Janeiro, Brazil",10696.0
438,UFC Fight Night: Maia vs. Usman,2018-05-19,Movistar Arena,"Santiago, Chile",11082.0
439,UFC Fight Night: Thompson vs. Till,2018-05-27,Echo Arena,"Liverpool, England, UK",8520.0
440,UFC Fight Night: Rivera vs. Moraes,2018-06-01,Adirondack Bank Center,"Utica, New York, U.S.",5063.0
441,UFC 225: Whittaker vs. Romero 2,2018-06-09,United Center,"Chicago, Illinois, U.S.",18117.0
442,UFC Fight Night: Cowboy vs. Edwards,2018-06-23,Singapore Indoor Stadium,"Kallang, Singapore",6419.0
443,The Ultimate Fighter: Undefeated Finale,2018-07-06,Palms Casino Resort,"Las Vegas, Nevada, U.S.",2123.0
444,UFC 226: Miocic vs. Cormier,2018-07-07,T-Mobile Arena,"Las Vegas, Nevada, U.S.",17464.0
445,UFC Fight Night: dos Santos vs. Ivanov,2018-07-14,CenturyLink Arena,"Boise, Idaho, U.S.",5648.0
446,UFC Fight Night: Shogun vs. Smith,2018-07-22,Barclaycard Arena,"Hamburg, Germany",7798.0
447,UFC on Fox: Alvarez vs. Poirier 2,2018-07-28,Scotiabank Saddledome,"Calgary, Alberta, Canada",10603.0
448,UFC 227: Dillashaw vs. Garbrandt 2,2018-08-04,Crypto.com Arena,"Los Angeles, California, U.S.",17794.0
449,UFC Fight Night: Gaethje vs. Vick,2018-08-25,Pinnacle Bank Arena,"Lincoln, Nebraska, U.S.",6409.0
450,UFC 228: Woodley vs. Till,2018-09-08,American Airlines Center,"Dallas, Texas, U.S.",14073.0
451,UFC Fight Night: Hunt vs. Oleinik,2018-09-15,Olimpiyskiy Stadium,"Moscow, Russia",22603.0
452,UFC Fight Night: Santos vs. Anders,2018-09-22,Ginásio do Ibirapuera,"São Paulo, Brazil",9485.0
453,UFC 229: Khabib vs. McGregor,2018-10-06,T-Mobile Arena,"Las Vegas, Nevada, U.S.",20034.0
454,UFC Fight Night: Volkan vs. Smith,2018-10-27,Avenir Centre,"Moncton, New Brunswick, Canada",6282.0
455,UFC 230: Cormier vs. Lewis,2018-11-03,Madison Square Garden,"New York, New York, U.S.",17011.0
456,UFC Fight Night: The Korean Zombie vs. Rodríguez,2018-11-10,Ball Arena,"Denver, Colorado, U.S.",11426.0
457,UFC Fight Night: Magny vs. Ponzinibbio,2018-11-17,Estadio Mary Terán de Weiss,"Buenos Aires, Argentina",10245.0
458,UFC Fight Night: Blaydes vs. Ngannou 2,2018-11-24,Cadillac Arena,"Beijing, China",10302.0
459,The Ultimate Fighter: Heavy Hitters Finale,2018-11-30,Palms Casino Resort,"Las Vegas, Nevada, U.S.",2020.0
460,UFC Fight Night: dos Santos vs. Tuivasa,2018-12-02,Adelaide Entertainment Centre,"Adelaide, Australia",8652.0
461,UFC 231: Holloway vs. Ortega,2018-12-08,Scotiabank Arena,"Toronto, Ontario, Canada",19039.0
462,UFC on Fox: Lee vs. Iaquinta 2,2018-12-15,Fiserv Forum,"Milwaukee, Wisconsin, U.S.",9010.0
463,UFC 232: Jones vs. Gustafsson 2,2018-12-29,The Forum,"Inglewood, California, U.S.",15862.0
464,UFC Fight Night: Cejudo vs. Dillashaw,2019-01-19,Barclays Center,"New York, New York, U.S.",12152.0
465,UFC Fight Night: Assunção vs. Moraes 2,2019-02-02,Centro de Formação Olímpica do Nordeste,"Fortaleza, Brazil",10040.0
466,UFC 234: Adesanya vs. Silva,2019-02-10,Rod Laver Arena,"Melbourne, Australia",15238.0
467,UFC on ESPN: Ngannou vs. Velasquez,2019-02-17,Footprint Center,"Phoenix, Arizona, U.S.",14269.0
468,UFC Fight Night: Błachowicz vs. Santos,2019-02-23,O2 Arena,"Prague, Czech Republic",16583.0
469,UFC 235: Jones vs. Smith,2019-03-02,T-Mobile Arena,"Las Vegas, Nevada, U.S.",14790.0
470,UFC Fight Night: Lewis vs. dos Santos,2019-03-09,Intrust Bank Arena,"Wichita, Kansas, U.S.",7265.0
471,UFC Fight Night: Till vs. Masvidal,2019-03-16,The O2 Arena,"London, England, UK",16602.0
472,UFC Fight Night: Thompson vs. Pettis,2019-03-23,Bridgestone Arena,"Nashville, Tennessee, U.S.",10863.0
473,UFC on ESPN: Barboza vs. Gaethje,2019-03-30,Wells Fargo Center,"Philadelphia, Pennsylvania, U.S.",11123.0
474,UFC 236: Holloway vs. Poirier 2,2019-04-13,State Farm Arena,"Atlanta, Georgia, U.S.",14297.0
475,UFC Fight Night: Overeem vs. Oleinik,2019-04-20,Yubileyny Sports Palace,"Saint Petersburg, Russia",7236.0
476,UFC Fight Night: Jacaré vs. Hermansson,2019-04-27,Amerant Bank Arena,"Sunrise, Florida, U.S.",12754.0
477,UFC Fight Night: Iaquinta vs. Cowboy,2019-05-04,Canadian Tire Centre,"Ottawa, Ontario, Canada",10960.0
478,UFC 237: Namajunas vs. Andrade,2019-05-11,Farmasi Arena,"Rio de Janeiro, Brazil",15193.0
479,UFC Fight Night: dos Anjos vs. Lee,2019-05-18,Blue Cross Arena,"Rochester, New York, U.S.",8132.0
480,UFC Fight Night: Gustafsson vs. Smith,2019-06-01,Avicii Arena,"Stockholm, Sweden",14319.0
481,UFC 238: Cejudo vs. Moraes,2019-06-08,United Center,"Chicago, Illinois, U.S.",16083.0
482,UFC Fight Night: Moicano vs. The Korean Zombie,2019-06-22,Bon Secours Wellness Arena,"Greenville, South Carolina, U.S.",7682.0
483,UFC on ESPN: Ngannou vs. dos Santos,2019-06-29,Target Center,"Minneapolis, Minnesota, U.S.",10123.0
484,UFC 239: Jones vs. Santos,2019-07-06,T-Mobile Arena,"Las Vegas, Nevada, U.S.",18358.0
485,UFC Fight Night: de Randamie vs. Ladd,2019-07-13,Golden 1 Center,"Sacramento, California, U.S.",10306.0
486,UFC on ESPN: dos Anjos vs. Edwards,2019-07-20,Frost Bank Center,"San Antonio, Texas, U.S.",9255.0
487,UFC 240: Holloway vs. Edgar,2019-07-27,Rogers Place,"Edmonton, Alberta, Canada",12144.0
488,UFC on ESPN: Covington vs. Lawler,2019-08-03,Prudential Center,"Newark, New Jersey, U.S.",10427.0
489,UFC Fight Night: Shevchenko vs. Carmouche 2,2019-08-10,Antel Arena,"Montevideo, Uruguay",9225.0
490,UFC 241: Cormier vs. Miocic 2,2019-08-17,Honda Center,"Anaheim, California, U.S.",17304.0
491,UFC Fight Night: Andrade vs. Zhang,2019-08-31,Shenzhen Universiade Sports Centre,"Shenzhen, China",10302.0
492,UFC 242: Khabib vs. Poirier,2019-09-07,du Arena,"Abu Dhabi, United Arab Emirates",
493,UFC Fight Night: Cowboy vs. Gaethje,2019-09-14,Rogers Arena,"Vancouver, British Columbia, Canada",15114.0
494,UFC Fight Night: Rodríguez vs. Stephens,2019-09-21,Arena Ciudad de México,"Mexico City, Mexico",10112.0
495,UFC Fight Night: Hermansson vs. Cannonier,2019-09-28,Royal Arena,"Copenhagen, Denmark",12767.0
496,UFC 243: Whittaker vs. Adesanya,2019-10-05,Marvel Stadium,"Melbourne, Australia",57127.0
497,UFC Fight Night: Joanna vs. Waterson,2019-10-12,Amalie Arena,"Tampa, Florida, U.S.",10597.0
498,UFC on ESPN: Reyes vs. Weidman,2019-10-18,TD Garden,"Boston, Massachusetts, U.S.",12066.0
499,UFC Fight Night: Maia vs. Askren,2019-10-26,Singapore Indoor Stadium,"Kallang, Singapore",7155.0
500,UFC 244: Masvidal vs. Diaz,2019-11-02,Madison Square Garden,"New York, New York, U.S.",20143.0
501,UFC Fight Night: Magomedsharipov vs. Kattar,2019-11-09,CSKA Arena,"Moscow, Russia",11305.0
502,UFC Fight Night: Błachowicz vs. Jacaré,2019-11-16,Ginásio do Ibirapuera,"São Paulo, Brazil",10344.0
503,UFC on ESPN: Overeem vs. Rozenstruik,2019-12-07,Capital One Arena,"Washington, D.C., U.S.",10816.0
504,UFC 245: Usman vs. Covington,2019-12-14,T-Mobile Arena,"Las Vegas, Nevada, U.S.",16811.0
505,UFC Fight Night: Edgar vs. The Korean Zombie,2019-12-21,Sajik Arena,"Busan, South Korea",10651.0
506,UFC 246: McGregor vs. Cowboy,2020-01-18,T-Mobile Arena,"Las Vegas, Nevada, U.S.",19040.0
507,UFC Fight Night: Blaydes vs. dos Santos,2020-01-25,PNC Arena,"Raleigh, North Carolina, U.S.",14533.0
508,UFC 247: Jones vs. Reyes,2020-02-08,Toyota Center,"Houston, Texas, U.S.",17401.0
509,UFC Fight Night: Anderson vs. Błachowicz 2,2020-02-15,Santa Ana Star Center,"Rio Rancho, New Mexico, U.S.",6449.0
510,UFC Fight Night: Felder vs. Hooker,2020-02-23,Spark Arena,"Auckland, New Zealand",10025.0
511,UFC Fight Night: Benavidez vs. Figueiredo,2020-02-29,Chartway Arena,"Norfolk, Virginia, U.S.",7098.0
512,UFC 248: Adesanya vs. Romero,2020-03-07,T-Mobile Arena,"Las Vegas, Nevada, U.S.",15077.0
513,UFC Fight Night: Lee vs. Oliveira,2020-03-14,Ginásio Nilson Nelson,"Brasília, Brazil",0.0
514,UFC 249: Ferguson vs. Gaethje,2020-05-09,VyStar Veterans Memorial Arena,"Jacksonville, Florida, U.S.",0.0
515,UFC Fight Night: Smith vs. Teixeira,2020-05-13,VyStar Veterans Memorial Arena,"Jacksonville, Florida, U.S.",0.0
516,UFC on ESPN: Overeem vs. Harris,2020-05-16,VyStar Veterans Memorial Arena,"Jacksonville, Florida, U.S.",0.0
517,UFC on ESPN: Woodley vs. Burns,2020-05-30,UFC Apex,"Las Vegas, Nevada, U.S.",0.0
518,UFC 250: Nunes vs. Spencer,2020-06-06,UFC Apex,"Las Vegas, Nevada, U.S.",0.0
519,UFC on ESPN: Eye vs. Calvillo,2020-06-13,UFC Apex,"Las Vegas, Nevada, U.S.",0.0
520,UFC on ESPN: Blaydes vs. Volkov,2020-06-20,UFC Apex,"Las Vegas, Nevada, U.S.",0.0
521,UFC on ESPN: Poirier vs. Hooker,2020-06-27,UFC Apex,"Las Vegas, Nevada, U.S.",0.0
522,UFC 251: Usman vs. Masvidal,2020-07-12,du Forum,"Abu Dhabi, United Arab Emirates",0.0
523,UFC on ESPN: Kattar vs. Ige,2020-07-16,du Forum,"Abu Dhabi, United Arab Emirates",0.0
524,UFC Fight Night: Figueiredo vs. Benavidez 2,2020-07-19,du Forum,"Abu Dhabi, United Arab Emirates",0.0
525,UFC on ESPN: Whittaker vs. Till,2020-07-26,du Forum,"Abu Dhabi, United Arab Emirates",0.0
526,UFC Fight Night: Brunson vs. Shahbazyan,2020-08-01,UFC Apex,"Las Vegas, Nevada, U.S.",0.0
527,UFC Fight Night: Lewis vs. Oleinik,2020-08-08,UFC Apex,"Las Vegas, Nevada, U.S.",0.0
528,UFC 252: Miocic vs. Cormier 3,2020-08-15,UFC Apex,"Las Vegas, Nevada, U.S.",0.0
529,UFC on ESPN: Munhoz vs. Edgar,2020-08-22,UFC Apex,"Las Vegas, Nevada, U.S.",0.0
530,UFC Fight Night: Smith vs. Rakić,2020-08-29,UFC Apex,"Las Vegas, Nevada, U.S.",0.0
531,UFC Fight Night: Overeem vs. Sakai,2020-09-05,UFC Apex,"Las Vegas, Nevada, U.S.",0.0
532,UFC Fight Night: Waterson vs. Hill,2020-09-12,UFC Apex,"Las Vegas, Nevada, U.S.",0.0
533,UFC Fight Night: Covington vs. Woodley,2020-09-19,UFC Apex,"Las Vegas, Nevada, U.S.",0.0
534,UFC 253: Adesanya vs. Costa,2020-09-27,du Forum,"Abu Dhabi, United Arab Emirates",0.0
535,UFC on ESPN: Holm vs. Aldana,2020-10-04,du Forum,"Abu Dhabi, United Arab Emirates",0.0
536,UFC Fight Night: Moraes vs. Sandhagen,2020-10-11,du Forum,"Abu Dhabi, United Arab Emirates",0.0
537,UFC Fight Night: Ortega vs. The Korean Zombie,2020-10-18,du Forum,"Abu Dhabi, United Arab Emirates",0.0
538,UFC 254: Khabib vs. Gaethje,2020-10-24,du Forum,"Abu Dhabi, United Arab Emirates",0.0
539,UFC Fight Night: Hall vs. Silva,2020-10-31,UFC Apex,"Las Vegas, Nevada, U.S.",0.0
540,UFC on ESPN: Santos vs. Teixeira,2020-11-07,UFC Apex,"Las Vegas, Nevada, U.S.",0.0
541,UFC Fight Night: Felder vs. dos Anjos,2020-11-14,UFC Apex,"Las Vegas, Nevada, U.S.",0.0
542,UFC 255: Figueiredo vs. Perez,2020-11-21,UFC Apex,"Las Vegas, Nevada, U.S.",0.0
543,UFC on ESPN: Smith vs. Clark,2020-11-28,UFC Apex,"Las Vegas, Nevada, U.S.",0.0
544,UFC on ESPN: Hermansson vs. Vettori,2020-12-05,UFC Apex,"Las Vegas, Nevada, U.S.",0.0
545,UFC 256: Figueiredo vs. Moreno,2020-12-12,UFC Apex,"Las Vegas, Nevada, U.S.",0.0
546,UFC Fight Night: Thompson vs. Neal,2020-12-19,UFC Apex,"Las Vegas, Nevada, U.S.",0.0
547,UFC on ABC: Holloway vs. Kattar,2021-01-16,Etihad Arena,"Abu Dhabi, United Arab Emirates",2000.0
548,UFC on ESPN: Chiesa vs. Magny,2021-01-20,Etihad Arena,"Abu Dhabi, United Arab Emirates",2000.0
549,UFC 257: Poirier vs. McGregor 2,2021-01-24,Etihad Arena,"Abu Dhabi, United Arab Emirates",2600.0
550,UFC Fight Night: Overeem vs. Volkov,2021-02-06,UFC Apex,"Las Vegas, Nevada, U.S.",0.0
551,UFC 258: Usman vs. Burns,2021-02-13,UFC Apex,"Las Vegas, Nevada, U.S.",0.0
552,UFC Fight Night: Blaydes vs. Lewis,2021-02-20,UFC Apex,"Las Vegas, Nevada, U.S.",0.0
553,UFC Fight Night: Rozenstruik vs. Gane,2021-02-27,UFC Apex,"Las Vegas, Nevada, U.S.",0.0
554,UFC 259: Błachowicz vs. Adesanya,2021-03-06,UFC Apex,"Las Vegas, Nevada, U.S.",0.0
555,UFC Fight Night: Edwards vs. Muhammad,2021-03-13,UFC Apex,"Las Vegas, Nevada, U.S.",0.0
556,UFC on ESPN: Brunson vs. Holland,2021-03-20,UFC Apex,"Las Vegas, Nevada, U.S.",0.0
557,UFC 260: Miocic vs. Ngannou 2,2021-03-27,UFC Apex,"Las Vegas, Nevada, U.S.",0.0
558,UFC on ABC: Vettori vs. Holland,2021-04-10,UFC Apex,"Las Vegas, Nevada, U.S.",0.0
559,UFC on ESPN: Whittaker vs. Gastelum,2021-04-17,UFC Apex,"Las Vegas, Nevada, U.S.",0.0
560,UFC 261: Usman vs. Masvidal 2,2021-04-24,VyStar Veterans Memorial Arena,"Jacksonville, Florida, U.S.",15269.0
561,UFC on ESPN: Reyes vs. Procházka,2021-05-01,UFC Apex,"Las Vegas, Nevada, U.S.",0.0
562,UFC on ESPN: Rodriguez vs. Waterson,2021-05-08,UFC Apex,"Las Vegas, Nevada, U.S.",0.0
563,UFC 262: Oliveira vs. Chandler,2021-05-15,Toyota Center,"Houston, Texas, U.S.",16005.0
564,UFC Fight Night: Font vs. Garbrandt,2021-05-22,UFC Apex,"Las Vegas, Nevada, U.S.",0.0
565,UFC Fight Night: Rozenstruik vs. Sakai,2021-06-05,UFC Apex,"Las Vegas, Nevada, U.S.",0.0
566,UFC 263: Adesanya vs. Vettori 2,2021-06-12,Gila River Arena,"Glendale, Arizona, U.S.",17208.0
567,UFC on ESPN: The Korean Zombie vs. Ige,2021-06-19,UFC Apex,"Las Vegas, Nevada, U.S.",0.0
568,UFC Fight Night: Gane vs. Volkov,2021-06-26,UFC Apex,"Las Vegas, Nevada, U.S.",0.0
569,UFC 264: Poirier vs. McGregor 3,2021-07-10,T-Mobile Arena,"Las Vegas, Nevada, U.S.",20062.0
570,UFC on ESPN: Makhachev vs. Moisés,2021-07-17,UFC Apex,"Las Vegas, Nevada, U.S.",0.0
571,UFC on ESPN: Sandhagen vs. Dillashaw,2021-07-24,UFC Apex,"Las Vegas, Nevada, U.S.",51.0
572,UFC on ESPN: Hall vs. Strickland,2021-07-31,UFC Apex,"Las Vegas, Nevada, U.S.",
573,UFC 265: Lewis vs. Gane,2021-08-07,Toyota Center,"Houston, Texas, U.S.",16604.0
574,UFC on ESPN: Cannonier vs. Gastelum,2021-08-21,UFC Apex,"Las Vegas, Nevada, U.S.",
575,UFC on ESPN: Barboza vs. Chikadze,2021-08-28,UFC Apex,"Las Vegas, Nevada, U.S.",
576,UFC Fight Night: Brunson vs. Till,2021-09-04,UFC Apex,"Las Vegas, Nevada, U.S.",
577,UFC Fight Night: Smith vs. Spann,2021-09-18,UFC Apex,"Las Vegas, Nevada, U.S.",
578,UFC 266: Volkanovski vs. Ortega,2021-09-25,T-Mobile Arena,"Las Vegas, Nevada, U.S.",19029.0
579,UFC Fight Night: Santos vs. Walker,2021-10-02,UFC Apex,"Las Vegas, Nevada, U.S.",
580,UFC Fight Night: Dern vs. Rodriguez,2021-10-09,UFC Apex,"Las Vegas, Nevada, U.S.",
581,UFC Fight Night: Ladd vs. Dumont,2021-10-16,UFC Apex,"Las Vegas, Nevada, U.S.",
582,UFC Fight Night: Costa vs. Vettori,2021-10-23,UFC Apex,"Las Vegas, Nevada, U.S.",
583,UFC 267: Błachowicz vs. Teixeira,2021-10-30,Etihad Arena,"Abu Dhabi, United Arab Emirates",10171.0
584,UFC 268: Usman vs. Covington 2,2021-11-06,Madison Square Garden,"New York, New York, U.S.",20715.0
585,UFC Fight Night: Holloway vs. Rodríguez,2021-11-13,UFC Apex,"Las Vegas, Nevada, U.S.",
586,UFC Fight Night: Vieira vs. Tate,2021-11-20,UFC Apex,"Las Vegas, Nevada, U.S.",
587,UFC on ESPN: Font vs. Aldo,2021-12-04,UFC Apex,"Las Vegas, Nevada, U.S.",
588,UFC 269: Oliveira vs. Poirier,2021-12-11,T-Mobile Arena,"Las Vegas, Nevada, U.S.",18471.0
589,UFC Fight Night: Lewis vs. Daukaus,2021-12-18,UFC Apex,"Las Vegas, Nevada, U.S.",
590,UFC on ESPN: Kattar vs. Chikadze,2022-01-15,UFC Apex,"Las Vegas, Nevada, U.S.",
591,UFC 270: Ngannou vs. Gane,2022-01-22,Honda Center,"Anaheim, California, U.S.",17387.0
592,UFC Fight Night: Hermansson vs. Strickland,2022-02-05,UFC Apex,"Las Vegas, Nevada, U.S.",
593,UFC 271: Adesanya vs. Whittaker 2,2022-02-12,Toyota Center,"Houston, Texas, U.S.",17872.0
594,UFC Fight Night: Walker vs. Hill,2022-02-19,UFC Apex,"Las Vegas, Nevada, U.S.",
595,UFC Fight Night: Makhachev vs. Green,2022-02-26,UFC Apex,"Las Vegas, Nevada, U.S.",
596,UFC 272: Covington vs. Masvidal,2022-03-05,T-Mobile Arena,"Las Vegas, Nevada, U.S.",19425.0
597,UFC Fight Night: Santos vs. Ankalaev,2022-03-12,UFC Apex,"Las Vegas, Nevada, U.S.",
598,UFC Fight Night: Volkov vs. Aspinall,2022-03-19,The O2 Arena,"London, England, UK",17081.0
599,UFC on ESPN: Blaydes vs. Daukaus,2022-03-26,Nationwide Arena,"Columbus, Ohio, U.S.",18630.0
600,UFC 273: Volkanovski vs. The Korean Zombie,2022-04-09,VyStar Veterans Memorial Arena,"Jacksonville, Florida, U.S.",14605.0
601,UFC on ESPN: Luque vs. Muhammad 2,2022-04-16,UFC Apex,"Las Vegas, Nevada, U.S.",
602,UFC Fight Night: Lemos vs. Andrade,2022-04-23,UFC Apex,"Las Vegas, Nevada, U.S.",
603,UFC on ESPN: Font vs. Vera,2022-04-30,UFC Apex,"Las Vegas, Nevada, U.S.",
604,UFC 274: Oliveira vs. Gaethje,2022-05-07,Footprint Center,"Phoenix, Arizona, U.S.",17232.0
605,UFC on ESPN: Błachowicz vs. Rakić,2022-05-14,UFC Apex,"Las Vegas, Nevada, U.S.",
606,UFC Fight Night: Holm vs. Vieira,2022-05-21,UFC Apex,"Las Vegas, Nevada, U.S.",
607,UFC Fight Night: Volkov vs. Rozenstruik,2022-06-04,UFC Apex,"Las Vegas, Nevada, U.S.",
608,UFC 275: Teixeira vs. Procházka,2022-06-12,Singapore Indoor Stadium,"Kallang, Singapore",10787.0
609,UFC on ESPN: Kattar vs. Emmett,2022-06-18,Moody Center,"Austin, Texas, U.S.",13689.0
610,UFC on ESPN: Tsarukyan vs. Gamrot,2022-06-25,UFC Apex,"Las Vegas, Nevada, U.S.",
611,UFC 276: Adesanya vs. Cannonier,2022-07-02,T-Mobile Arena,"Las Vegas, Nevada, U.S.",19649.0
612,UFC on ESPN: dos Anjos vs. Fiziev,2022-07-09,UFC Apex,"Las Vegas, Nevada, U.S.",
613,UFC on ABC: Ortega vs. Rodríguez,2022-07-16,UBS Arena,"Hempstead, New York, U.S.",16979.0
614,UFC Fight Night: Blaydes vs. Aspinall,2022-07-23,The O2 Arena,"London, England, UK",17813.0
615,UFC 277: Peña vs. Nunes 2,2022-07-30,American Airlines Center,"Dallas, Texas, U.S.",19442.0
616,UFC on ESPN: Santos vs. Hill,2022-08-06,UFC Apex,"Las Vegas, Nevada, U.S.",
617,UFC on ESPN: Vera vs. Cruz,2022-08-13,Pechanga Arena,"San Diego, California, U.S.",12804.0
618,UFC 278: Usman vs. Edwards 2,2022-08-20,Delta Center,"Salt Lake City, Utah, U.S.",18321.0
619,UFC Fight Night: Gane vs. Tuivasa,2022-09-03,Accor Arena,"Paris, France",15405.0
620,UFC 279: Diaz vs. Ferguson,2022-09-10,T-Mobile Arena,"Las Vegas, Nevada, U.S.",19125.0
621,UFC Fight Night: Sandhagen vs. Song,2022-09-17,UFC Apex,"Las Vegas, Nevada, U.S.",
622,UFC Fight Night: Dern vs. Yan,2022-10-01,UFC Apex,"Las Vegas, Nevada, U.S.",
623,UFC Fight Night: Grasso vs. Araújo,2022-10-15,UFC Apex,"Las Vegas, Nevada, U.S.",
624,UFC 280: Oliveira vs. Makhachev,2022-10-22,Etihad Arena,"Abu Dhabi, United Arab Emirates",13400.0
625,UFC Fight Night: Kattar vs. Allen,2022-10-29,UFC Apex,"Las Vegas, Nevada, U.S.",
626,UFC Fight Night: Rodriguez vs. Lemos,2022-11-05,UFC Apex,"Las Vegas, Nevada, U.S.",
627,UFC 281: Adesanya vs. Pereira,2022-11-12,Madison Square Garden,"New York, New York, U.S.",20845.0
628,UFC Fight Night: Nzechukwu vs. Cuțelaba,2022-11-19,UFC Apex,"Las Vegas, Nevada, U.S.",
629,UFC on ESPN: Thompson vs. Holland,2022-12-03,Kia Center,"Orlando, Florida, U.S.",17065.0
630,UFC 282: Błachowicz vs. Ankalaev,2022-12-10,T-Mobile Arena,"Las Vegas, Nevada, U.S.",18455.0
631,UFC Fight Night: Cannonier vs. Strickland,2022-12-17,UFC Apex,"Las Vegas, Nevada, U.S.",
632,UFC Fight Night: Strickland vs. Imavov,2023-01-14,UFC Apex,"Las Vegas, Nevada, U.S.",
633,UFC 283: Teixeira vs. Hill,2023-01-21,Farmasi Arena,"Rio de Janeiro, Brazil",13604.0
634,UFC Fight Night: Lewis vs. Spivac,2023-02-04,UFC Apex,"Las Vegas, Nevada, U.S.",
635,UFC 284: Makhachev vs. Volkanovski,2023-02-12,Perth Arena,"Perth, Australia",14124.0
636,UFC Fight Night: Andrade vs. Blanchfield,2023-02-18,UFC Apex,"Las Vegas, Nevada, U.S.",
637,UFC Fight Night: Muniz vs. Allen,2023-02-25,UFC Apex,"Las Vegas, Nevada, U.S.",
638,UFC 285: Jones vs. Gane,2023-03-04,T-Mobile Arena,"Las Vegas, Nevada, U.S.",19471.0
639,UFC Fight Night: Yan vs. Dvalishvili,2023-03-11,The Theater at Virgin Hotels,"Las Vegas, Nevada, U.S.",2361.0
640,UFC 286: Edwards vs. Usman 3,2023-03-18,The O2 Arena,"London, England, UK",17588.0
641,UFC on ESPN: Vera vs. Sandhagen,2023-03-25,Frost Bank Center,"San Antonio, Texas, U.S.",16076.0
642,UFC 287: Pereira vs. Adesanya 2,2023-04-08,Kaseya Center,"Miami, Florida, U.S.",19032.0
643,UFC on ESPN: Holloway vs. Allen,2023-04-15,T-Mobile Center,"Kansas City, Missouri, U.S.",16234.0
644,UFC Fight Night: Pavlovich vs. Blaydes,2023-04-22,UFC Apex,"Las Vegas, Nevada, U.S.",
645,UFC on ESPN: Song vs. Simón,2023-04-29,UFC Apex,"Las Vegas, Nevada, U.S.",
646,UFC 288: Sterling vs. Cejudo,2023-05-06,Prudential Center,"Newark, New Jersey, U.S.",17559.0
647,UFC on ABC: Rozenstruik vs. Almeida,2023-05-13,Spectrum Center,"Charlotte, North Carolina, U.S.",18712.0
648,UFC Fight Night: Dern vs. Hill,2023-05-20,UFC Apex,"Las Vegas, Nevada, U.S.",
649,UFC on ESPN: Kara-France vs. Albazi,2023-06-03,UFC Apex,"Las Vegas, Nevada, U.S.",
650,UFC 289: Nunes vs. Aldana,2023-06-10,Rogers Arena,"Vancouver, British Columbia, Canada",17628.0
651,UFC on ESPN: Vettori vs. Cannonier,2023-06-17,UFC Apex,"Las Vegas, Nevada, U.S.",
652,UFC on ABC: Emmett vs. Topuria,2023-06-24,VyStar Veterans Memorial Arena,"Jacksonville, Florida, U.S.",14101.0
653,UFC on ESPN: Strickland vs. Magomedov,2023-07-01,UFC Apex,"Las Vegas, Nevada, U.S.",
654,UFC 290: Volkanovski vs. Rodríguez,2023-07-08,T-Mobile Arena,"Las Vegas, Nevada, U.S.",19204.0
655,UFC on ESPN: Holm vs. Bueno Silva,2023-07-15,UFC Apex,"Las Vegas, Nevada, U.S.",
656,UFC Fight Night: Aspinall vs. Tybura,2023-07-22,The O2 Arena,"London, England, UK",15078.0
657,UFC 291: Poirier vs. Gaethje 2,2023-07-29,Delta Center,"Salt Lake City, Utah, U.S.",18467.0
658,UFC on ESPN: Sandhagen vs. Font,2023-08-05,Bridgestone Arena,"Nashville, Tennessee, U.S.",17792.0
659,UFC on ESPN: Luque vs. dos Anjos,2023-08-12,UFC Apex,"Las Vegas, Nevada, U.S.",
660,UFC 292: Sterling vs. O'Malley,2023-08-19,TD Garden,"Boston, Massachusetts, U.S.",18293.0
661,UFC Fight Night: Holloway vs. The Korean Zombie,2023-08-26,Singapore Indoor Stadium,"Kallang, Singapore",10263.0
662,UFC Fight Night: Gane vs. Spivac,2023-09-02,Accor Arena,"Paris, France",15610.0
663,UFC 293: Adesanya vs. Strickland,2023-09-10,Qudos Bank Arena,"Sydney, Australia",18168.0
664,UFC Fight Night: Grasso vs. Shevchenko 2,2023-09-16,T-Mobile Arena,"Las Vegas, Nevada, U.S.",18766.0
665,UFC Fight Night: Fiziev vs. Gamrot,2023-09-23,UFC Apex,"Las Vegas, Nevada, U.S.",
666,UFC Fight Night: Dawson vs. Green,2023-10-07,UFC Apex,"Las Vegas, Nevada, U.S.",
667,UFC Fight Night: Yusuff vs. Barboza,2023-10-14,UFC Apex,"Las Vegas, Nevada, U.S.",
668,UFC 294: Makhachev vs. Volkanovski 2,2023-10-21,Etihad Arena,"Abu Dhabi, United Arab Emirates",
669,UFC Fight Night: Almeida vs. Lewis,2023-11-04,Ginásio do Ibirapuera,"São Paulo, Brazil",10792.0
670,UFC 295: Procházka vs. Pereira,2023-11-11,Madison Square Garden,"New York, New York, U.S.",19039.0
671,UFC Fight Night: Allen vs. Craig,2023-11-18,UFC Apex,"Las Vegas, Nevada, U.S.",
672,UFC on ESPN: Dariush vs. Tsarukyan,2023-12-02,Moody Center,"Austin, Texas, U.S.",14485.0
673,UFC Fight Night: Song vs. Gutiérrez,2023-12-09,UFC Apex,"Las Vegas, Nevada, U.S.",
674,UFC 296: Edwards vs. Covington,2023-12-16,T-Mobile Arena,"Las Vegas, Nevada, U.S.",19039.0
675,UFC Fight Night: Ankalaev vs. Walker 2,2024-01-13,UFC Apex,"Las Vegas, Nevada, U.S.",
676,UFC 297: Strickland vs. du Plessis,2024-01-20,Scotiabank Arena,"Toronto, Ontario, Canada",18559.0
677,UFC Fight Night: Dolidze vs. Imavov,2024-02-03,UFC Apex,"Las Vegas, Nevada, U.S.",
678,UFC Fight Night: Hermansson vs. Pyfer,2024-02-10,UFC Apex,"Las Vegas, Nevada, U.S.",
679,UFC 298: Volkanovski vs. Topuria,2024-02-17,Honda Center,"Anaheim, California, U.S.",18186.0
680,UFC Fight Night: Moreno vs. Royval 2,2024-02-24,Arena Ciudad de México,"Mexico City, Mexico",21546.0
681,UFC Fight Night: Rozenstruik vs. Gaziev,2024-03-02,UFC Apex,"Las Vegas, Nevada, U.S.",
682,UFC 299: O'Malley vs. Vera 2,2024-03-09,Kaseya Center,"Miami, Florida, U.S.",19165.0
683,UFC Fight Night: Tuivasa vs. Tybura,2024-03-16,UFC Apex,"Las Vegas, Nevada, U.S.",
684,UFC on ESPN: Ribas vs. Namajunas,2024-03-23,UFC Apex,"Las Vegas, Nevada, U.S.",
685,UFC on ESPN: Blanchfield vs. Fiorot,2024-03-30,Boardwalk Hall,"Atlantic City, New Jersey, U.S.",12198.0
686,UFC Fight Night: Allen vs. Curtis 2,2024-04-06,UFC Apex,"Las Vegas, Nevada, U.S.",
687,UFC 300: Pereira vs. Hill,2024-04-13,T-Mobile Arena,"Las Vegas, Nevada, U.S.",20067.0
688,UFC on ESPN: Nicolau vs. Perez,2024-04-27,UFC Apex,"Las Vegas, Nevada, U.S.",
689,UFC 301: Pantoja vs. Erceg,2024-05-04,Farmasi Arena,"Rio de Janeiro, Brazil",14514.0
690,UFC on ESPN: Lewis vs. Nascimento,2024-05-11,Enterprise Center,"St. Louis, Missouri, U.S.",15960.0
691,UFC Fight Night: Barboza vs. Murphy,2024-05-18,UFC Apex,"Las Vegas, Nevada, U.S.",
692,UFC 302: Makhachev vs. Poirier,2024-06-01,Prudential Center,"Newark, New Jersey, U.S.",17834.0
693,UFC on ESPN: Cannonier vs. Imavov,2024-06-08,KFC Yum! Center,"Louisville, Kentucky, U.S.",19578.0
694,UFC on ESPN: Perez vs. Taira,2024-06-15,UFC Apex,"Las Vegas, Nevada, U.S.",
695,UFC on ABC: Whittaker vs. Aliskerov,2024-06-22,Kingdom Arena,"Riyadh, Saudi Arabia",
696,UFC 303: Pereira vs. Procházka 2,2024-06-29,T-Mobile Arena,"Las Vegas, Nevada, U.S.",18881.0
697,UFC on ESPN: Namajunas vs. Cortez,2024-07-13,Ball Arena,"Denver, Colorado, U.S.",16884.0
698,UFC on ESPN: Lemos vs. Jandiroba,2024-07-20,UFC Apex,"Las Vegas, Nevada, U.S.",
699,UFC 304: Edwards vs. Muhammad 2,2024-07-27,Co-op Live,"Manchester, England, UK",17907.0
700,UFC on ABC: Sandhagen vs. Nurmagomedov,2024-08-03,Etihad Arena,"Abu Dhabi, United Arab Emirates",
701,UFC on ESPN: Tybura vs. Spivac 2,2024-08-10,UFC Apex,"Las Vegas, Nevada, U.S.",
702,UFC 305: du Plessis vs. Adesanya,2024-08-18,Perth Arena,"Perth, Australia",14152.0
703,UFC on ESPN: Cannonier vs. Borralho,2024-08-24,UFC Apex,"Las Vegas, Nevada, U.S.",
